COUNTRY_CODE;Country;INERNATIONAL_PREFIX;NATIONAL_PREFIX;PHONE_CODE;MIN_LENGTH;MAX_LENGTH;Example accepted;Phone Number Country Code
AC;Ascension;00;0;41;9;9;777777777;CH
AD;Andorra;0;(null);376;6;8;777777;AD
AE;United Arab Emirates;00;0;971;8;8;77777777;AE
AF;Afghanistan;00;0;93;9;9;777777777;AF
AG;Antigua and Barbuda;011;1;1;10;10;8888888888;AG
AI;Anguilla;011;1;1;10;10;8888888888;AI
AL;Albania;00;0;355;8;8;33333333;AL
AM;Armenia;00;0;374;5;8;77777777;AM
AO;Angola;00;(null);244;6;9;999999999;AO
AR;Argentina ;00;0;54;6;11;8001111111;AR
AS;AMERICAN SAMOA;011;1;1;10;10;8888888888;AS
AT;Austria;00;0;43;5;13;5555555;AT
AU;Australia;(?:14(?:1[14]|34|4[17]|[56]6|7[47]|88))?001[14-689];0;61;9;9;777777777;AU
AW;Aruba;00;(null);297;7;7;7777777;AW
AX;Aland;00|99[049];0;358;5;12;88888;AX
AZ;Azerbaijan;00;0;994;9;9;777777777;AZ
BA;Bosnia and Herzegovina;00;0;387;6;9;88888888;BA
BB;Barbados;011;1;1;7;10;8888888888;BB
BD;Bangladesh;00[12]?;0;880;6;10;6666666666;BD
BE;Belgium;00;0;32;8;9;55555555;BE
BF;Burkina Faso;00;(null);226;8;8;77777777;BF
BG;Bulgaria;00;0;359;5;9;7777777;BG
BH;Bahrain;00;(null);973;8;8;77777777;BH
BI;Burundi;00;(null);257;8;8;77777777;BI
BJ;Benin;00;(null);229;4;8;99999999;BJ
BL;St Barthelem;00;0;590;9;9;590278263;BL
BM;Bermuda;011;1;1;10;10;8888888888;BM
BN;Brunei;00;(null);673;7;7;7777777;BN
BO;Bolivia ;00(1\d)?;0;591;7;8;77777777;BO
BQ;Bonaire;00;(null);599;7;7;7777777;BQ
BR;Brasil ;00(?:1[245]|2[1-35]|31|4[13]|[56]5|99);0;55;8;11;7777777777;BR
BS;Bahamas;011;1;1;7;10;8888888888;BS
BT;Bhutan;00;(null);975;6;8;77777777;BT
BW;Botswana;00;(null);267;7;8;77777777;BW
BY;Belarus;810;8;375;6;11;444444444;BY
BZ;Belize;00;(null);501;7;11;6666666;BZ
CA;Canada ;011;1;1;7;10;8888888888;CA
CC;Australia;(?:14(?:1[14]|34|4[17]|[56]6|7[47]|88))?001[14-689];0;61;6;10;777777777;CC
CD;Congo, Democrativ Republic of ;00;0;243;7;9;8888888;CD
CF;Central African Republic;00;(null);236;8;8;77777777;CF
CG;Congo ;00;(null);242;9;9;222222222;CG
CH;Switzerland;00;0;41;9;9;777777777;CH
CI;Ivory Coast;00;(null);225;8;8;77777777;CI
CK;Cook Islands;00;(null);682;5;5;77777;CK
CL;Chile;(?:0|1(?:1[0-69]|2[0-57]|5[13-58]|69|7[0167]|8[018]))0;0;56;7;11;888888888;CL
CM;Cameroon;00;(null);237;8;9;88888888;CM
CN;China;(1(?:[129]\d{3}|79\d{2}))?00;0;86;4;12;8888888888;CN
CO;Colombia;00(?:4(?:[14]4|56)|[579]);0;57;7;11;77777777;CO
CR;Costa Rica;00;(null);506;8;10;88888888;CR
CU;Cuba;119;0;53;4;8;7777777;CU
CV;Cape Verde;0;(null);238;7;7;9999999;CV
CW;Curacao;00;(null);599;7;8;97777777;CW
CX;Christmas Islands;(?:14(?:1[14]|34|4[17]|[56]6|7[47]|88))?001[14-689];0;61;6;10;777777777;CX
CY;Cyprus;00;(null);357;8;8;77777777;CY
CZ;Czech Republic;00;(null);420;9;12;777777777;CZ
DE;Germany;00;0;49;2;15;777777;DE
DJ;Djibuti;00;(null);253;8;8;77777777;DJ
DK;Denmark;00;(null);45;8;8;77777777;DK
DM;Dominica;011;1;1;10;10;8888888888;DM
DO;Dominican Republic;011;1;1;10;10;8888888888;DO
DZ;Algeria;00;0;213;9;9;777777777;DZ
EC;Ecuador;00;0;593;7;11;77777777;EC
EE;Estonia;00;(null);372;4;10;7777777;EE
EG;Egypt;00;0;20;5;10;222222222;EG
EH;Western Sahara (Morocco);00;0;212;9;9;777777777;EH
ER;Eritrea;00;0;291;6;7;7777777;ER
ES;Spain;00;(null);34;9;9;666666666;ES
ET;Ethiopia;00;0;251;7;9;999999999;ET
FI;Finland;00|99[049];0;358;5;12;55555;FI
FJ;Fiji;0(?:0|52);(null);679;7;11;7777777;FJ
FK;Falkland Islands;00;(null);500;5;5;77777;FK
FM;Micronesia;00;(null);691;7;7;9511111;FM
FO;Faroe Islands;00;(null);298;6;6;777777;FO
FR;France;00;0;33;9;9;777777777;FR
GA;Gabon;00;(null);241;7;8;7777777;GA
GB;United Kingdom;00;0;44;4;10;7777777777;GB
GD;Grenada;011;1;1;10;10;8888888888;GD
GE;Georgia;00;0;995;6;9;555555555;GE
GF;Guyana (France);00;0;41;9;9;777777777;CH
GG;Guernsey;00;0;44;6;10;7777777777;GG
GH;Ghana;00;0;233;7;9;233333333;GH
GI;Gibraltar;00;(null);350;8;8;22222222;GI
GL;Greenland;00;(null);299;6;6;999999;GL
GM;Gambia;00;(null);220;7;7;7777777;GM
GN;Guinea Republic;00;(null);224;8;9;666666666;GN
GP;Guadeloupe (France) ;00;0;590;9;9;590999999;GP
GQ;Equitorial Guinea;00;(null);240;9;9;555555555;GQ
GR;Greece;00;(null);30;10;10;2222222222;GR
GT;Guatemala;00;(null);502;8;11;77777777;GT
GU;Guam;011;1;1;10;10;8888888888;GU
GW;Guinea-Bissau;00;(null);245;9;9;955999999;GW
GY;Guyana (British) ;001;(null);592;7;7;7777777;GY
HK;Hong Kong;00;(null);852;5;11;77777777;HK
HN;Honduras;00;(null);504;8;8;77777777;HN
HR;Croatia;00;0;385;6;12;8007777;HR
HT;Haiti;00;(null);509;8;8;88888888;HT
HU;Hungary;00;06;36;6;9;77777777;HU
ID;Indonesia;0(?:0[1789]|10(?:00|1[67]));0;62;5;12;77777777;ID
IE;Ireland;00;0;353;5;10;888888888;IE
IL;Israel;0(?:0|1[2-9]);0;972;4;10;777777777;IL
IM;Isle of Man (United Kingdom);00;0;44;6;10;7777777777;IM
IN;India;00;0;91;6;13;7777777777;IN
IO;British Indian Ocean Territory;00;0;41;9;9;777777777;CH
IQ;Iraq;00;0;964;6;10;7777777777;IQ
IR;Iran;00;0;98;4;10;7777777777;IR
IS;Iceland;1(?:0(?:01|10|20)|100)|00;(null);354;7;9;7777777;IS
IT;Italy;00;(null);39;6;11;333333333;IT
JE;Jersey;00;0;44;10;10;7777777777;JE
JM;Jamaica;011;1;1;7;10;8888888888;JM
JO;Jordan;00;0;962;8;9;777777777;JO
JP;Japan;010;0;81;8;17;777777777;JP
KE;Kenya;000;0;254;7;10;777777777;KE
KG;Kyrgyzstan;00;0;996;5;10;777777777;KG
KH;Cambodia;00[14-9];0;855;6;10;77777777;KH
KI;Kiribati;00;(null);686;5;8;44444;KI
KM;Comoros;00;(null);269;7;7;7777777;KM
KN;St Kitts and Nevis;011;1;1;7;10;8888888888;KN
KV;Kosovo;00;0;350;8;8;33333333;KV
KP;Korea, The D.P.R of;00|99;0;850;6;10;22222222;KP
KR;South Korea;00(?:[124-68]|[37]\d{2});0;82;4;10;333333333;KR
KW;Kuwait;00;(null);965;7;8;22222222;KW
KY;Cayman Islands;011;1;1;7;10;8888888888;KY
KZ;Kazakhstan;810;8;7;10;10;7777777777;KZ
LA;Laos;00;0;856;6;10;88888888;LA
LB;Lebanon;00;0;961;7;8;7777777;LB
LC;St Lucia;011;1;1;7;10;8888888888;LC
LI;Liechtenstein;00;0;423;7;9;7777777;LI
LK;Sri Lanka;00;0;94;7;9;777777777;LK
LR;Liberia;00;0;231;7;9;777777777;LR
LS;Lesotho;00;(null);266;8;8;66666666;LS
LT;Lithuania;00;8;370;8;8;44444444;LT
LU;Luxembourg;00;(null);352;4;11;7777;LU
LV;Latvia;00;(null);371;8;8;66666666;LV
LY;Libya;00;0;218;7;9;211111111;LY
MA;Morocco;00;0;212;9;9;777777777;MA
MC;Monaco;00;0;377;8;9;44444444;MC
MD;Moldova;00;0;373;8;8;77777777;MD
ME;Montenegro;00;0;382;6;9;77777777;ME
MF;Saint Martin (France);00;0;590;10;10;8888888888;MF
MG;Madagascar;00;0;261;7;9;222222222;MG
MH;Marshall Islands;011;1;692;7;7;6355555;MH
MK;Macedonia;00;0;389;8;8;77777777;MK
ML;Mali;00;(null);223;8;8;77777777;ML
MM;Myanmar;00;0;95;5;10;6666666;MM
MN;Mongolia;001;0;976;6;10;77777777;MN
MO;Macau;00;(null);853;8;8;88888888;MO
MP;Northern Mariana Islands;011;1;1;7;10;8888888888;MP
MQ;Martinique (France);00;0;596;9;9;596666666;MQ
MR;Mauritania;00;(null);222;8;8;22222222;MR
MS;Montserrat;011;1;1;7;10;8888888888;MS
MT;Malta;00;(null);356;8;8;77777777;MT
MU;Mauritius;0(?:0|[2-7]0|33);(null);230;7;8;6666666;MU
MV;Maldives;0(?:0|19);(null);960;7;10;7777777;MV
MW;Malawi;00;0;265;7;9;777777777;MW
MX;Mexico;0[09];01;52;7;11;7777777777;MX
MY;Malaysia;00;0;60;6;10;77777777;MY
MZ;Mozambique;00;(null);258;8;9;26922222;MZ
NA;Namibia;00;0;264;8;9;833333333;NA
NC;New Caledonia;00;(null);687;6;6;777777;NC
NE;Niger;00;(null);227;8;8;88888888;NE
NF;Norfolk Island (Australia);00;(null);672;5;6;777777777;NF
NG;Nigeria;009;0;234;5;14;7777777;NG
NI;Nicaragua;00;(null);505;8;8;77777777;NI
NL;Netherlands;00;0;31;5;10;777777777;NL
NO;Norway;00;(null);47;5;8;77777777;NO
NP;Nepal;00;0;977;6;10;44444444;NP
NR;Republic of Nauru;00;(null);674;7;7;8888888;NR
NU;Niue;00;(null);683;4;4;7777;NU
NZ;New Zealand;0(?:0|161);0;64;7;11;77777777;NZ
OM;Oman;00;(null);968;7;9;99999999;OM
PA;Panama;00;(null);507;7;8;7777777;PA
PE;Peru;19(?:1[124]|77|90)00;0;51;6;9;999999999;PE
PF;French Polynesia;00;(null);689;6;8;444444;PF
PG;Papua New Guinea;00;(null);675;7;8;75555555;PG
PH;Philippines;00;0;63;5;13;777777777;PH
PK;Pakistan;00;0;92;6;12;666666666;PK
PL;Poland;00;(null);48;6;9;777777777;PL
PM;Canada (Saint Pierre and Miquelon);00;0;508;12;12;800-666-6666;PM
PR;Puerto Rico;011;1;1;7;10;8888888888;PR
PS;Palestine, State of (Israel);00;0;970;4;10;777777777;PS
PT;Portugal;00;(null);351;9;9;222222222;PT
PW;Palau;01[12];(null);680;7;7;7777777;PW
PY;Paraguay;00;0;595;5;9;4444444;PY
QA;Qatar;00;(null);974;7;8;77777777;QA
RE;Reunion, Island of;00;0;262;9;9;692222222;RE
RO;Romania;00;0;40;6;9;777777777;RO
RS;Republic of Serbia;00;0;381;5;12;66666666;RS
RU;Russia;810;8;7;10;10;7777777777;RU
RW;Rwanda;00;0;250;8;9;222222222;RW
SA;Saudi Arabia;00;0;966;7;10;555555555;SA
SB;Solomon Island;0[01];(null);677;5;7;7777777;SB
SC;Seychelles;0[0-2];(null);248;6;7;4444444;SC
SD;Sudan;00;0;249;9;9;999999999;SD
SE;Sweden;00;0;46;5;10;777777777;SE
SG;Singapore;0[0-3]\d;(null);65;8;11;88888888;SG
SH;Saint Helena;00;(null);290;4;5;8888;SH
SI;Slovenia;00;0;386;5;8;77777777;SI
SJ;Norway;00;(null);47;5;8;77777777;SJ
SK;Slovakia;00;0;421;7;9;888888888;SK
SL;Sierra Leone;00;0;232;6;8;77777777;SL
SM;San Marino;00;(null);378;6;10;77777777;SM
SN;Senegal;00;(null);221;9;9;777777777;SN
SO;Somalia;00;0;252;7;9;77777777;SO
SR;Suriname;00;(null);597;6;7;7777777;SR
SS;South Sudan;00;0;211;9;9;122222222;SS
ST;Sao Tome and Principe;00;(null);239;7;7;9999999;ST
SV;El Salvador;00;(null);503;7;11;77777777;SV
SX;Netherlands;011;1;1;7;10;777777777;SX
SY;Syria;00;0;963;6;9;999999999;SY
SZ;Swaziland;00;(null);268;8;8;77777777;SZ
TA;Saint Helena;00;(null);290;4;4;8888;TA
TC;Turks and Caicos Islands;011;1;1;7;10;8888888888;TC
TD;Chad;00|16;(null);235;8;8;77777777;TD
TG;Togo;00;(null);228;8;8;99999999;TG
TH;Thailand;00;0;66;4;10;77777777;TH
TJ;Tajikistan;810;8;992;3;9;777777777;TJ
TK;Tokelau;00;(null);690;4;4;;TK
TL;East Timor;00;(null);670;7;8;77777777;TL
TM;Turkmenistan;810;8;993;8;8;66666666;TM
TN;Tunisia;00;(null);216;8;8;77777777;TN
TO;Tonga;00;(null);676;5;7;7777777;TO
TR;Turkey;00;0;90;7;10;8888888888;TR
TT;Trinidad and Tobago;011;1;1;7;10;8888888888;TT
TV;Tuvalu;00;(null);688;5;7;22222;TV
TW;Taiwan;0(?:0[25679]|19);0;886;8;10;77777777;TW
TZ;Tanzania;00[056];0;255;7;9;777777777;TZ
UA;Ukraine;00;0;380;5;9;999999999;UA
UG;Uganda;00[057];0;256;5;9;777777777;UG
US;United States of America;011;1;1;7;10;8888888888;US
UY;Uruguay;0(?:1[3-9]\d|0);0;598;7;8;99999999;UY
UZ;Uzbekistan;810;8;998;7;9;999999999;UZ
VA;Vatikan;00;(null);39;6;11;66666666;IT
VC;St. Vincent;011;1;1;7;10;8888888888;VC
VE;Venezuela;00;0;58;7;10;8001111111;VE
VG;Virgin Island (British) ;011;1;1;7;10;8888888888;VG
VI;Virgin Island (USA);011;1;1;7;10;8888888888;VI
VN;Vietnam;00;0;84;7;10;777777777;VN
VU;Vanuatu;00;(null);678;5;7;7777777;VU
WF;Wallis and Futuna ;00;0;41;9;9;777777777;CH
WS;Samoa;0;(null);685;5;7;7777777;WS
YE;Yemen;00;0;967;6;9;777777777;YE
YT;Mayotte;00;0;262;9;9;639999999;YT
ZA;South Africa;00;0;27;5;9;777777777;ZA
ZM;Zambia;00;0;260;9;9;999999999;ZM
ZW;Zimbabwe;00;0;263;3;10;777777777;ZW
